ContractNumber,ContractBondedFlag,ContractName,ContractStartDate,ContractEndDate,ContractRevenueEstimatedRevenue,ContractCostsEstimatedCostToComplete,ContractCostsIncurredToDate,ContractBillingsFromInceptionToDate,EntityName
1,true,ContractA,2016-10-30,2017-10-30,800,300,100,300,XYZ
2,true,ContractB,2016-12-30,2017-12-30,1500,100,1200,100,XYZ
3,true,ContractC,2016-09-30,2017-09-30,2500,1400,1000,2500,XYZ
4,true,Contract G,2016-09-30,2018-09-30,1200,600,,,XYZ
5,false,ContractD,2016-07-30,2018-07-30,4000,1500,500,1000,XYZ
7,false,ContractF,2016-07-28,2017-07-28,99000,,,,XYZ
6,true,ContractE,2016-01-30,2017-01-30,6500,100,6000,6500,XYZ