{
    "documentInfo": {
        "documentType": "http://xbrl.org/YYYY/xbrl-csv",
        "namespaces": {    
            "cid": "http://www.ferc.gov/eqr/2021-01-01/ferc/cid",
            "iso4217": "http://www.xbrl.org/2003/iso4217",
            "scheme":	"http://irs.gov/entity/identification/scheme",
            "xbrli":	"http://www.xbrl.org/2003/instance",
            "num":	"http://www.xbrl.org/dtr/type/numeric",
            "wip":	"http://xbrl.us/wip/2016-01-31",
            "wip-entry-point":	"http://xbrl.us/wip-entryPoint/2016-01-31",
            "dei":	"http://xbrl.sec.gov/dei/2014-01-31",
            "us-gaap":	"http://fasb.org/us-gaap/2016-01-31"
        },
        "taxonomy": [
            "http://taxonomies.xbrl.us/wip/2016/entire/wip-entryPoint-2016-01-31.xsd"
        ]
    },
    "tables": {
        "WIP": {
            "template": "WIP",
            "url": "contract.csv"
        },
        "refData": {
            "template": "refData",
            "url": "refData.csv"
        }
    },
    "parameterURL": "parameter.csv",
    
    
    "tableTemplates": {

        "refData": {
            
            "dimensions":{
                "entity": "$Entity"              
            },

            "columns": {          
                
                "CompanyName": {
                    "dimensions": {
                        "concept": "dei:EntityRegistrantName",
                        "period": "$ReportingPeriod"
                        }
                },
                "DateAsOf": {
                    "dimensions": {
                        "concept": "dei:DocumentPeriodEndDate",
                        "period": "$ReportingPeriod"
                    }
                },
                "EIN": {
                    "dimensions": {
                        "concept": "dei:EntityTaxIdentificationNumber",
                        "period": "$ReportingPeriod"
                    }
                },
                "SSN": {
                    "dimensions": {
                        "concept": "wip:SocialSecurityNumber",
                        "period": "$ReportingPeriod"
                    }
                }

            }
        },

        "WIP": {
            
            "dimensions":{
                "wip:ContractNumberAxis":"$ContractNumber",
                "entity": "$Entity"              
            },

            "columns": {          
                
                "ContractNumber": {}
                ,
                "ContractBondedFlag": {
                    "dimensions": {
                        "concept": "wip:ContractBondedFlag",
                        "period": "$ReportingPeriod"
                    }
                },
                "ContractName": {
                    "dimensions": {
                        "concept": "wip:ContractName",
                        "period": "$ReportingPeriod"
                    }
                },
                "ContractStartDate": {
                    "dimensions": {
                        "concept": "wip:ContractStartDate",
                        "period": "$ReportingPeriod"
                    }
                },
                "ContractEndDate": {
                    "dimensions": {
                        "concept": "wip:ContractEndDate",
                        "period": "$ReportingPeriod"
                    }
                },
                "ContractRevenueEstimatedRevenue": {
                    "dimensions": {
                        "concept": "wip:ContractRevenueEstimatedRevenue",
                        "period": "$ReportingPeriod@end",
                        "unit": "iso4217:USD"
                    }
                },
                "ContractCostsEstimatedCostToComplete": {
                    "dimensions": {
                        "concept": "wip:ContractCostsEstimatedCostToComplete",
                        "period": "$ReportingPeriod@end",
                        "unit": "iso4217:USD"
                    }
                },
                "ContractCostsIncurredToDate": {
                    "dimensions": {
                        "concept": "wip:ContractCostsIncurredToDate",
                        "period": "$ReportingPeriod@end",
                        "unit": "iso4217:USD"
                    }
                },
                "ContractBillingsFromInceptionToDate": {
                    "dimensions": {
                        "concept": "wip:ContractBillingsFromInceptionToDate",
                        "period": "$ReportingPeriod@end",
                        "unit": "iso4217:USD"
                    }
                },
                "EntityName": {}
                 
            }
        }
    }
}
